Tỉnh/Thành phố,Phường/Xã,Tên trường,Cấp học
Thành phố Huế,,Trường Trung học cơ sở Nguyễn,THCS
Thành phố Hồ Chí Minh,,Ba Đình,
Thành phố Hồ Chí Minh,,Bamboo,
Thành phố Hồ Chí Minh,,GDTX,
Thành phố Hồ Chí Minh,,HOA Sen,
Thành phố Hồ Chí Minh,,IGC Lê Quý Đôn - Quyết Thắng,
Thành phố Hồ Chí Minh,,ISP - Khai Nguyên,
Thành phố Hồ Chí Minh,,Khai Nguyên,
Thành phố Hồ Chí Minh,,Khai Nguyên - ISP,
Thành phố Hồ Chí Minh,,Nam Mỹ,
Thành phố Hồ Chí Minh,,Nguyễn Khuyến,
Thành phố Hồ Chí Minh,,PTCS Ruby Hồng Ngọc,
Thành phố Hồ Chí Minh,,Penschool,
Thành phố Hồ Chí Minh,,Quốc tế Nam Việt,
Thành phố Hồ Chí Minh,,Quốc tế UTS,
Thành phố Hồ Chí Minh,,Quốc tế Việt Mỹ,
Thành phố Hồ Chí Minh,,Quốc tế Á Châu,
Thành phố Hồ Chí Minh,,Ruby Hồng Ngọc,
Thành phố Hồ Chí Minh,,Ruby School,
Thành phố Hồ Chí Minh,,Ruby School Cơ sở 2,
Thành phố Hồ Chí Minh,,TPHT Châu Thành,
Thành phố Hồ Chí Minh,,Thành Nhân,
Thành phố Hồ Chí Minh,,"Tiểu Học, THCS Trương Vĩnh Ký",Liên cấp
Thành phố Hồ Chí Minh,,Tiểu học Nguyễn,Tiểu học
Thành phố Hồ Chí Minh,,Tiểu học Phạm Văn Hai,Tiểu học
Thành phố Hồ Chí Minh,,Tiểu học Việt Anh,Tiểu học
Thành phố Hồ Chí Minh,,Tiểu học tư thục Nhựt Tân,Tiểu học
Thành phố Hồ Chí Minh,,Trương Vĩnh Ký,
Thành phố Hồ Chí Minh,,"Trường Tiểu học - Trung học cơ sở , THPT Tre Việt",Liên cấp
Thành phố Hồ Chí Minh,,"Trường Tiểu học - Trung học cơ sở , THPT Trương Vĩnh Ký",Liên cấp
Thành phố Hồ Chí Minh,,"Trường Tiểu học - Trung học cơ sở , THPT Tuệ Đức",Liên cấp
Thành phố Hồ Chí Minh,,Trường Tiểu học - Trung học cơ sở - Trung học phổ thông Khai Nguyên,Liên cấp
Thành phố Hồ Chí Minh,,Trường Tiểu học - Trung học cơ sở - Trung học phổ thông Tre Việt,Liên cấp
Thành phố Hồ Chí Minh,,Trường Tiểu học - Trung học cơ sở - Trung học phổ thông Trường Vĩnh Ký,Liên cấp
Thành phố Hồ Chí Minh,,Trường Tiểu học - Trung học cơ sở - Trung học phổ thông Tuệ Đức,Liên cấp
Thành phố Hồ Chí Minh,,Trường Tiểu học - Trung học cơ sở Bamboo,Liên cấp
Thành phố Hồ Chí Minh,,Trường Tiểu học - Trung học cơ sở Khai Nguyên,Liên cấp
Thành phố Hồ Chí Minh,,Trường Tiểu học - Trung học cơ sở Tre Việt,Liên cấp
Thành phố Hồ Chí Minh,,Trường Tiểu học - Trung học cơ sở Tài Năng Trẻ Châu Á,Liên cấp
Thành phố Hồ Chí Minh,,Trường Tiểu học Dân lập Việt Mỹ,Tiểu học
Thành phố Hồ Chí Minh,,Trường Tiểu học Khai Nguyên,Tiểu học
Thành phố Hồ Chí Minh,,Trường Tiểu học Kiến Tạo,Tiểu học
Thành phố Hồ Chí Minh,,Trường Tiểu học Lê Minh Xuân,Tiểu học
Thành phố Hồ Chí Minh,,Trường Tiểu học Lê Thị Hồng Gấm,Tiểu học
Thành phố Hồ Chí Minh,,Trường Tiểu học Ruby,Tiểu học
Thành phố Hồ Chí Minh,,Trường Tiểu học Thị Trấn,Tiểu học
Thành phố Hồ Chí Minh,,Trường Tiểu học Thực hành Đại Học,Tiểu học
Thành phố Hồ Chí Minh,,Trường Tiểu học Tre Việt (Bamboo),Tiểu học
Thành phố Hồ Chí Minh,,Trường Tiểu học Trương Vĩnh Ký,Tiểu học
Thành phố Hồ Chí Minh,,Trường Tiểu học Trần Văn Chẩm,Tiểu học
Thành phố Hồ Chí Minh,,Trường Tiểu học Tuệ Đức,Tiểu học
Thành phố Hồ Chí Minh,,Trường Tiểu học Tân Trụ,Tiểu học
Thành phố Hồ Chí Minh,,Trường Tiểu học Việt Mỹ,Tiểu học
Thành phố Hồ Chí Minh,,Trường Trung học cơ sở - Trung học phổ thông Hai Bà Trưng,Liên cấp
Thành phố Hồ Chí Minh,,Trường Trung học cơ sở - Trung học phổ thông Khải Hoàn,Liên cấp
Thành phố Hồ Chí Minh,,Trường Trung học cơ sở - Trung học phổ thông Lê Quý Đôn,Liên cấp
Thành phố Hồ Chí Minh,,Trường Trung học cơ sở - Trung học phổ thông Nam Việt,Liên cấp
Thành phố Hồ Chí Minh,,Trường Trung học cơ sở - Trung học phổ thông Phùng Hưng,Liên cấp
Thành phố Hồ Chí Minh,,Trường Trung học cơ sở Bamboo,THCS
Thành phố Hồ Chí Minh,,Trường Trung học cơ sở Diên Hồ,THCS
Thành phố Hồ Chí Minh,,Trường Trung học cơ sở Doãn Khuê,THCS
Thành phố Hồ Chí Minh,,Trường Trung học cơ sở Hoa Sen,THCS
Thành phố Hồ Chí Minh,,Trường Trung học cơ sở Hoà Phú,THCS
Thành phố Hồ Chí Minh,,Trường Trung học cơ sở Học Viện Anh Quốc,THCS
Thành phố Hồ Chí Minh,,Trường Trung học cơ sở Lê Quang Cường,THCS
Thành phố Hồ Chí Minh,,Trường Trung học cơ sở Lê Xuân Anh,THCS
Thành phố Hồ Chí Minh,,Trường Trung học cơ sở Nguyễn,THCS
Thành phố Hồ Chí Minh,,Trường Trung học cơ sở Nguyễn Hồng Đào,THCS
Thành phố Hồ Chí Minh,,Trường Trung học cơ sở Nguyễn Văn Xơ,THCS
Thành phố Hồ Chí Minh,,Trường Trung học cơ sở Ngô Thời NHiệm,THCS
Thành phố Hồ Chí Minh,,Trường Trung học cơ sở Nhật Tân,THCS
Thành phố Hồ Chí Minh,,Trường Trung học cơ sở Quốc Tế Á Châu,THCS
Thành phố Hồ Chí Minh,,Trường Trung học cơ sở Thạnh Mỹ Lệ,THCS
Thành phố Hồ Chí Minh,,Trường Trung học cơ sở Trung Lập,THCS
Thành phố Hồ Chí Minh,,Trường Trung học cơ sở Trí Đức,THCS
Thành phố Hồ Chí Minh,,Trường Trung học cơ sở Trưng Vương,THCS
Thành phố Hồ Chí Minh,,Trường Trung học cơ sở Trương Vĩnh Ký,THCS
Thành phố Hồ Chí Minh,,Trường Trung học cơ sở Trần Văn Quang,THCS
Thành phố Hồ Chí Minh,,Trường Trung học cơ sở Tuệ Đức,THCS
Thành phố Hồ Chí Minh,,Trường Trung học cơ sở Tân Hiệp,THCS
Thành phố Hồ Chí Minh,,Trường Trung học cơ sở Việt Anh,THCS
Thành phố Hồ Chí Minh,,Trường Trung học cơ sở Việt Mỹ,THCS
Thành phố Hồ Chí Minh,,Trường Trung học cơ sở Võ Văn Tần,THCS
Thành phố Hồ Chí Minh,,Trường Trung học cơ sở Vạn Hạnh,THCS
Thành phố Hồ Chí Minh,,Trường Trung học cơ sở và THPT Trần Cao Vân,Liên cấp
Thành phố Hồ Chí Minh,,Trường Trung học cơ sở Đỗ Văn Dậy,THCS
Thành phố Hồ Chí Minh,,Trường Trung học phổ thông Minh Đức,THPT
Thành phố Hồ Chí Minh,,Trường Trung học phổ thông Nguyễn,THPT
Thành phố Hồ Chí Minh,,Trường Trung học phổ thông Thành Nhân,THPT
Thành phố Hồ Chí Minh,,Trường Trung học phổ thông Thị trấn Minh ĐỨC,THPT
Thành phố Hồ Chí Minh,,Trường Trung học phổ thông Trương Vĩnh Ký,THPT
Thành phố Hồ Chí Minh,,Tuệ Đức,
Thành phố Hồ Chí Minh,,Vaschool,
Thành phố Hồ Chí Minh,,Vass,
Thành phố Hồ Chí Minh,,Việt Mỹ,
Thành phố Hồ Chí Minh,,Việt Mỹ (Lạc Long Quân),
Thành phố Hồ Chí Minh,,Việt Tân,
Thành phố Hồ Chí Minh,,Việt Úc,
Thành phố Hồ Chí Minh,,WASS - Tây Úc,
Thành phố Hồ Chí Minh,,Á Châu,
Thành phố Hồ Chí Minh,,Đống Đa,
Thành phố Hồ Chí Minh,Phường Diên Hồng,Trường Tiểu học Diên Hồng,Tiểu học
Thành phố Hồ Chí Minh,Xã An Nhơn Tây,Trường Tiểu học An Nhơn Tây,Tiểu học
Thành phố Hồ Chí Minh,Xã An Nhơn Tây,Trường Trung học cơ sở An Nhơn Tây,THCS
Thành phố Hồ Chí Minh,Xã An Nhơn Tây,Trường Trung học cơ sở Phú Mỹ Hưng,THCS
Thành phố Hồ Chí Minh,Xã Củ Chi,Trường Trung học cơ sở Tân Thông Hội,THCS
Thành phố Hồ Chí Minh,Xã Nhuận Đức,Trường Tiểu học Trung Lập Hạ,Tiểu học
Thành phố Hồ Chí Minh,Xã Thái Mỹ,Phước Thạnh,
Thành phố Đồng Nai,,IGCS School - Lê Quý Đôn,
Thành phố Đồng Nai,,THTP Tân Phú,
Thành phố Đồng Nai,,Thực hành Sư phạm,
Thành phố Đồng Nai,,Trường Tiểu học - Trung học cơ sở - Trung học phổ thông Greenfield,Liên cấp
Thành phố Đồng Nai,,Trường Tiểu học - Trung học cơ sở Tri Thức,Liên cấp
Thành phố Đồng Nai,,Trường Tiểu học -THCS-THPT Hoà Bình,Liên cấp
Thành phố Đồng Nai,,Trường Tiểu học Phước Thiền,Tiểu học
Thành phố Đồng Nai,,Trường Tiểu học Trung Dũng,Tiểu học
Thành phố Đồng Nai,,Trường Tiểu học Tổ Ong Vàng,Tiểu học
Thành phố Đồng Nai,,Trường Tiểu học tư thục Tổ Ong Vàng,Tiểu học
Thành phố Đồng Nai,,Trường Trung học cơ sở - Trung học phổ thông Tri Thức,Liên cấp
Thành phố Đồng Nai,,Trường Trung học cơ sở Ngô Thời Nhiệm,THCS
Thành phố Đồng Nai,,Trường Trung học cơ sở Phan Bội Châu,THCS
Thành phố Đồng Nai,,Trường Trung học cơ sở Phú Thạnh,THCS
Thành phố Đồng Nai,,Trường Trung học cơ sở Phước An,THCS
Thành phố Đồng Nai,,Trường Trung học cơ sở Phước Thiền,THCS
Thành phố Đồng Nai,,Trường Trung học cơ sở Tri Thức,THCS
Thành phố Đồng Nai,,Trường Trung học cơ sở Tân Phú,THCS
Thành phố Đồng Nai,,Trường Trung học cơ sở Đinh Tiên Hoàng 2,THCS
Thành phố Đồng Nai,Phường Long Thành,Trường Trung học cơ sở Thị trấn Long Thành,THCS
Thành phố Đồng Nai,Phường Nhơn Trạch,Trường Trung học cơ sở Hiệp Phước,THCS
Thành phố Đồng Nai,Phường Nhơn Trạch,Trường Trung học cơ sở Phú Hội,THCS
Thành phố Đồng Nai,Phường Đồng Xoài,Trường Trung học cơ sở Đồng Xoài,THCS
Thành phố Đồng Nai,Xã Phước An,Trường Tiểu học Vĩnh Thanh 2,Tiểu học
Thành phố Đồng Nai,Xã Phước An,Trường Trung học cơ sở Long Thọ,THCS
Thành phố Đồng Nai,Xã Phước An,Trường Trung học cơ sở Vĩnh Thanh,THCS
Thành phố Đồng Nai,Xã Sông Ray,Trường Trung học cơ sở Sông Ray,THCS
Thành phố Đồng Nai,Xã Đak Nhau,Trường Tiểu học Đắk Nhau,Tiểu học
Thành phố Đồng Nai,Xã Đại Phước,Trường Trung học cơ sở Đại Phước,THCS
Tỉnh An Giang,,Trường Trung học cơ sở Tân Thông Hội,THCS
Tỉnh An Giang,,Trường Trung học cơ sở Võ Nguyễn Giáp,THCS
Tỉnh An Giang,,VinSchool,
Tỉnh An Giang,Đặc khu Phú Quốc,Trường Trung học cơ sở Dương Đông,THCS
Tỉnh Cà Mau,,Trường Tiểu học Thạnh Bình,Tiểu học
Tỉnh Cà Mau,,Trường Trung học cơ sở Nguyễn,THCS
Tỉnh Cà Mau,,Trường Trung học cơ sở Thị Trấn,THCS
Tỉnh Gia Lai,,Trường Trung học cơ sở Nguyễn Đình Chiểu,THCS
Tỉnh Hưng Yên,,Trường Trung học cơ sở Đông Xuân,THCS
Tỉnh Khánh Hòa,,Trường Trung học cơ sở Thái Nguyên,THCS
Tỉnh Lâm Đồng,,Trường Tiểu học Lộc Sơn,Tiểu học
Tỉnh Lâm Đồng,,Trường Tiểu học Nam Sơn,Tiểu học
Tỉnh Lâm Đồng,Xã Di Linh,Trường Trung học cơ sở Liên Đầm,THCS
Tỉnh Lâm Đồng,Xã Di Linh,Trường Trung học phổ thông Di Linh,THPT
Tỉnh Lâm Đồng,Xã Ninh Gia,Trường Trung học cơ sở Ninh Gia,THCS
Tỉnh Lâm Đồng,Xã Tân Hội,Trường Trung học cơ sở Tân Hội,THCS
Tỉnh Nghệ An,Xã Đại Đồng,Trường Tiểu học Đại Đồng,Tiểu học
Tỉnh Quảng Ngãi,,Trường Trung học cơ sở Trần Hưng Đạo,THCS
Tỉnh Quảng Trị,Xã Trung Thuần,Trường Trung học cơ sở Quảng Lưu,THCS
Tỉnh Thanh Hóa,Xã Cẩm Thủy,Trường Trung học cơ sở Thị Trấn Cẩm Thủy,THCS
Tỉnh Thanh Hóa,Xã Quảng Bình,Trường Trung học cơ sở Quảng Bình,THCS
Tỉnh Tây Ninh,,Phước Bình A,
Tỉnh Tây Ninh,,Trường Tiểu học - Trung học cơ sở Lê Minh Xuân,Liên cấp
Tỉnh Tây Ninh,,Trường Tiểu học - Trung học cơ sở Thị Trấn Tân Tạo,Liên cấp
Tỉnh Tây Ninh,,Trường Tiểu học Ngô Văn Tô,Tiểu học
Tỉnh Tây Ninh,,Trường Tiểu học Thị Trấn,Tiểu học
Tỉnh Tây Ninh,,Trường Tiểu học Tân Hiệp,Tiểu học
Tỉnh Tây Ninh,,Trường Tiểu học Tịnh Phong,Tiểu học
Tỉnh Tây Ninh,,Trường Trung học cơ sở Lê Minh Xuân,THCS
Tỉnh Tây Ninh,,Trường Trung học cơ sở Lê Văn Thới,THCS
Tỉnh Tây Ninh,,Trường Trung học cơ sở Nguyễn Thị Bé,THCS
Tỉnh Tây Ninh,,Trường Trung học cơ sở Phước Bình A,THCS
Tỉnh Tây Ninh,,Trường Trung học cơ sở Thị trấn Tân Thạnh,THCS
Tỉnh Tây Ninh,,Trường Trung học cơ sở Trương Tùng Quân,THCS
Tỉnh Tây Ninh,,Trường Trung học cơ sở Tân Hưng,THCS
Tỉnh Tây Ninh,,Trường Trung học cơ sở Đông Thạnh,THCS
Tỉnh Tây Ninh,Phường Gia Lộc,Trường Trung học cơ sở Gia Lộc,THCS
Tỉnh Tây Ninh,Phường Trảng Bàng,Trường Trung học cơ sở Trảng Bàng,THCS
Tỉnh Tây Ninh,Xã An Ninh,Trường Trung học cơ sở Lộc Giang,THCS
Tỉnh Tây Ninh,Xã Bến Cầu,Trường Tiểu học Bến Cầu,Tiểu học
Tỉnh Tây Ninh,Xã Bến Cầu,Trường Trung học cơ sở Bến Cầu,THCS
Tỉnh Tây Ninh,Xã Dương Minh Châu,Trường Trung học cơ sở Dương Minh Châu,THCS
Tỉnh Tây Ninh,Xã Mỹ Hạnh,Trường Trung học cơ sở Mỹ Hạnh,THCS
Tỉnh Tây Ninh,Xã Phước Thạnh,Trường Trung học cơ sở Hiệp Thành,THCS
Tỉnh Tây Ninh,Xã Phước Vĩnh Tây,Trường Tiểu học - Trung học cơ sở Long Phụng,Liên cấp
Tỉnh Tây Ninh,Xã Truông Mít,Bàu Đồn,
Tỉnh Tây Ninh,Xã Tân Biên,Trường Trung học cơ sở Tân Biên,THCS
Tỉnh Tây Ninh,Xã Tân Châu,Trường Trung học cơ sở Tân Châu,THCS
Tỉnh Tây Ninh,Xã Tân Lập,Trường Tiểu học Tân Lập,Tiểu học
Tỉnh Tây Ninh,Xã Tân Lập,Tân Lập,
Tỉnh Vĩnh Long,,IGC,
Tỉnh Vĩnh Long,,Mỹ Hóa,
Tỉnh Vĩnh Long,,Trường Trung học cơ sở A An Trường,THCS
Tỉnh Vĩnh Long,,Trường Trung học cơ sở Lê Hoàng Chiếu,THCS
Tỉnh Vĩnh Long,,Xuân Diệu,
Tỉnh Vĩnh Long,Phường Bến Tre,Trường Trung học cơ sở Bến Tre,THCS
Tỉnh Vĩnh Long,Xã Hưng Nhượng,Trung học cơ sở hưng lễ,THCS
Tỉnh Vĩnh Long,Xã Phú Túc,Trường Trung học cơ sở Tân Thạch,THCS
Tỉnh Vĩnh Long,Xã Tân Thủy,Trường Trung học cơ sở An Hòa Tây,THCS
Tỉnh Đắk Lắk,,Trường Trung học phổ thông Duy Tân,THPT
Tỉnh Đắk Lắk,Xã Krông Pắc,Trường Trung học cơ sở Thị Trấn Phước An,THCS
Tỉnh Đồng Tháp,,Trường Tiểu học Nguyễn,Tiểu học
Tỉnh Đồng Tháp,,Trường Trung học cơ sở Lưu Văn Lang,THCS
Tỉnh Đồng Tháp,,Trường Trung học cơ sở Phường,THCS
Tỉnh Đồng Tháp,,Trường Trung học cơ sở Võ Duy Linh,THCS
Tỉnh Đồng Tháp,,Trường Trung học cơ sở Đồng Khởi,THCS
Tỉnh Đồng Tháp,Phường An Bình,Trường Tiểu học - Trung học cơ sở An Lộc,Liên cấp
Tỉnh Đồng Tháp,Phường Hồng Ngự,Trường Trung học cơ sở Hồng Ngự,THCS
Tỉnh Đồng Tháp,Xã An Hữu,Trường Trung học cơ sở An Hữu,THCS
Tỉnh Đồng Tháp,Xã Hưng Thạnh,Trường Trung học cơ sở Phú Mỹ,THCS
Tỉnh Đồng Tháp,Xã Tân Phú Đông,Trường Trung học cơ sở Phú Thạnh,THCS
